{
  "n_train": 169,
  "n_test": 43,
  "rmse": 1.6058800228404748,
  "mape_pct": 3.4956264348718404
}